video_id,filename,number,letter,no_code,raw
ASlxa7x8g0I,ASlxa7x8g0I_1.5s.jpg,0,A,,0 A
jgEbvhS80JM,jgEbvhS80JM_1.5s.jpg,1,F,,1 F
srKXPMS6EJ4,srKXPMS6EJ4_0s.jpg,2,E,,2 E
GViqPBT0EGc,GViqPBT0EGc_0s.jpg,3,L,,3 L
_u8KSgM-Ok4,_u8KSgM-Ok4_0s.jpg,4,I,,? ?
rkOoOqEwMIQ,rkOoOqEwMIQ_1.5s.jpg,5,C,,5 C
D31ufAb7I_Y,D31ufAb7I_Y_1.5s.jpg,6,I,,6 i
k39jYoLgY5E,k39jYoLgY5E_0s.jpg,7,T,,7 T
aT7dUdeKs2U,aT7dUdeKs2U_1.5s.jpg,9,T,,9 I
wv31xd90x8w,wv31xd90x8w_1.5s.jpg,10,I,,10 I
Nybqs50bPQo,Nybqs50bPQo_3s.jpg,11,O,,11 O
gPVtnXTuCjw,gPVtnXTuCjw_0s.jpg,12,N,,12 I
8wwb01iwCYI,8wwb01iwCYI_0s.jpg,13,S,,13 S
qwc-R6VZbTA,qwc-R6VZbTA_1.5s.jpg,13,V,,13 V
f2DVcc8nVFk,f2DVcc8nVFk_3s.jpg,14,V,,1 A
Ce_k5E5ifW4,Ce_k5E5ifW4_0s.jpg,15,O,,16 O
yQiJM3_rpAo,yQiJM3_rpAo_3s.jpg,16,U,,1 G
lM_oCWjubuQ,lM_oCWjubuQ_0s.jpg,17,S,,17 S
Fr_yt3N3W7I,Fr_yt3N3W7I_3s.jpg,18,A,,10 A
Uc0QxNu6BsI,Uc0QxNu6BsI_0s.jpg,19,V,,1 9
0eBtlba_3yI,0eBtlba_3yI_0s.jpg,20,E,,2 0 E
4fAkgc--IWQ,4fAkgc--IWQ_3s.jpg,21,Z,,21 Z
Xho5WcL5V7g,Xho5WcL5V7g_0s.jpg,22,P,,22 P
FtrtLZgbAQk,FtrtLZgbAQk_0s.jpg,23,A,,23 A
clZpXNLZJ-I,clZpXNLZJ-I_0s.jpg,24,S,,24 S
xz0VzzVh4Hk,xz0VzzVh4Hk_0s.jpg,25,S,,25 S
LE5PWGkolXg,LE5PWGkolXg_0s.jpg,26,E,,2 E
j4fn51CfwIc,j4fn51CfwIc_0s.jpg,27,T,,27 T
2B2_LtBK-QQ,2B2_LtBK-QQ_3s.jpg,28,R,,2 R
KTJJjTql-5o,KTJJjTql-5o_3s.jpg,29,O,,2 9
OPhrkuoPyHk,OPhrkuoPyHk_1.5s.jpg,30,P,,3 P
T7ik67qfYVQ,T7ik67qfYVQ_0s.jpg,31,D,,9 I
4gRai8MIuAY,4gRai8MIuAY_1.5s.jpg,32,E,,32 E
WlVbSyH5iTY,WlVbSyH5iTY_3s.jpg,33,T,,33 T
RZ1s1apAV-s,RZ1s1apAV-s_0s.jpg,34,E,,34 E
8otqvHAExrc,8otqvHAExrc_0s.jpg,35,N,,3 5
acm9iqAA7Vc,acm9iqAA7Vc_1.5s.jpg,36,P,,36 P
s_6Sx9sQQrw,s_6Sx9sQQrw_0s.jpg,37,S,,5 J
GhnaCRAcboM,GhnaCRAcboM_0s.jpg,38,A,,3 A
8EWo8cwGgUU,8EWo8cwGgUU_0s.jpg,39,R,,39 g
GaPEymEw7T0,GaPEymEw7T0_0s.jpg,40,E,,4 E
z9Ga7BeEAJk,z9Ga7BeEAJk_0s.jpg,41,G,,6 E
n1_wxuBh7J8,n1_wxuBh7J8_0s.jpg,42,A,,42 A
hFfEyuhO0Ls,hFfEyuhO0Ls_3s.jpg,43,R,,43 P
54gc1STymz4,54gc1STymz4_0s.jpg,44,D,,440 D
pOak4ISlG1Y,pOak4ISlG1Y_3s.jpg,45,E,,5 F
MdJNMn-4v_g,MdJNMn-4v_g_0s.jpg,46,R,,4 E
hH-Up6PctDQ,hH-Up6PctDQ_0s.jpg,47,M,,4 7
zonpHSNVppY,zonpHSNVppY_0s.jpg,48,E,,4 E
4_jcEhlSFHA,4_jcEhlSFHA_3s.jpg,49,S,,5 S
5v00E4RE9Cw,5v00E4RE9Cw_3s.jpg,50,V,,50 V
W6-ZZ0vtgnc,W6-ZZ0vtgnc_1.5s.jpg,50,V,,50 V
Ta7deZ0gunQ,Ta7deZ0gunQ_3s.jpg,51,I,,51 I
fgTC4JEJsGA,fgTC4JEJsGA_0s.jpg,52,D,,52 D
GjQhRWOdgL4,GjQhRWOdgL4_3s.jpg,53,E,,53 E
uCOwuqiuqPw,uCOwuqiuqPw_3s.jpg,54,O,,5 D
gDp1QPFbcnk,gDp1QPFbcnk_0s.jpg,55,S,,55 S
m-K9aOjQZkA,m-K9aOjQZkA_0s.jpg,56,E,,5 E
hkYpsr9T0j8,hkYpsr9T0j8_0s.jpg,57,N,,51 I
EaNca2j6qWY,EaNca2j6qWY_3s.jpg,58,V,,5 O
_a-YoU0uals,_a-YoU0uals_0s.jpg,59,O,,59 J
BKcKzhWRnzs,BKcKzhWRnzs_0s.jpg,60,Y,,7 T
quT8maGtQFM,quT8maGtQFM_0s.jpg,61,E,,6 E
NEE8o5Q6Rkk,NEE8o5Q6Rkk_13s.jpg,62,Z,,2 z
zig6bu8xtUs,zig6bu8xtUs_0s.jpg,63,M,,5 H
2QsyD5GWGnM,2QsyD5GWGnM_1.5s.jpg,64,G,,4 A
E4Y4fVDH2xg,E4Y4fVDH2xg_3s.jpg,65,I,,6 5 I
dzktMMgs5v4,dzktMMgs5v4_3s.jpg,66,U,,? ?
vQ4DPkdZvwQ,vQ4DPkdZvwQ_0s.jpg,67,N,,67 ■
obVLX-9i3Y4,obVLX-9i3Y4_0s.jpg,68,N,,? ?
b9PaDptesqg,b9PaDptesqg_0s.jpg,69,A,,69 A
NTCptCs0q7o,NTCptCs0q7o_0s.jpg,70,I,,70 I
dY_ZKGHeN8Q,dY_ZKGHeN8Q_3s.jpg,71,L,,7 L
vCR_U7fCNwI,vCR_U7fCNwI_3s.jpg,72,A,,72 A
KT5kVqtCOzg,KT5kVqtCOzg_3s.jpg,74,E,,7 A
iVWiiaM4ewc,iVWiiaM4ewc_3s.jpg,75,C,,75 C
XrZBsD34qj4,XrZBsD34qj4_1.5s.jpg,76,L,,7 L
TRCq7xeFTMk,TRCq7xeFTMk_0s.jpg,77,E,,77 E
pI3PjEv7EjU,pI3PjEv7EjU_1.5s.jpg,78,N,,70 B
lCIranADf9Y,lCIranADf9Y_3s.jpg,79,O,,79 Q
FNBIM48DI5c,FNBIM48DI5c_0s.jpg,81,D,,0 J
WAu74TcqNZA,WAu74TcqNZA_1.5s.jpg,82,E,,02 E
8rkyAPrJhYE,8rkyAPrJhYE_1.5s.jpg,83,P,,8 P
JyC6RJQ3PWY,JyC6RJQ3PWY_0s.jpg,84,A,,4 A
-N5KaqP05wA,-N5KaqP05wA_0s.jpg,85,S,,5 S
2YMyrFuwo9Y,2YMyrFuwo9Y_0s.jpg,86,S,,5 S
Y4RfqqdY-jM,Y4RfqqdY-jM_1.5s.jpg,87,E,,01 E
USxiJQSh9ow,USxiJQSh9ow_1.5s.jpg,88,T,,1 T
bDmHGdHSb2Y,bDmHGdHSb2Y_0s.jpg,88,S,,5 S
dnVjQbYSp7A,dnVjQbYSp7A_0s.jpg,89,C,,6 c
HfvHF9hoJT0,HfvHF9hoJT0_3s.jpg,90,N,,9 d
X4WH-ZaBspk,X4WH-ZaBspk_3s.jpg,91,N,,9 I
taFsGCNbxiw,taFsGCNbxiw_0s.jpg,92,I,,2 I
ihHkeCO8Dl8,ihHkeCO8Dl8_0s.jpg,93,L,,9 L
CognvkVPmPA,CognvkVPmPA_1.5s.jpg,94,B,,8 D
Ar1-1upOz-A,Ar1-1upOz-A_1.5s.jpg,95,L,,5 L
eisjXWCm-4E,eisjXWCm-4E_1.5s.jpg,96,I,,99 I
qyg_HQjqFb4,qyg_HQjqFb4_3s.jpg,97,C,,9 7
YLmydj19cek,YLmydj19cek_0s.jpg,98,K,,1 K
rMF1YvD29ww,rMF1YvD29ww_0s.jpg,99,E,,99 E
IDxR4G7DSig,IDxR4G7DSig_0s.jpg,100,T,,101 T
v5_yNLUB2rI,v5_yNLUB2rI_3s.jpg,101,G,,101 E
1b6G4gyD4N0,1b6G4gyD4N0_0s.jpg,102,A,,102 A
VHO44NGxZAs,VHO44NGxZAs_0s.jpg,103,G,,ln 3 G
S3OJ7wk3sUw,S3OJ7wk3sUw_3s.jpg,104,N,,104 U
0aQL9jfSPdc,0aQL9jfSPdc_0s.jpg,105,E,,105 E
FZGEIdV3uj0,FZGEIdV3uj0_0s.jpg,106,Z,,10 Z
DhYkpHEvpek,DhYkpHEvpek_3s.jpg,107,N,,107 I
hM3iD_wibyE,hM3iD_wibyE_0s.jpg,108,A,,10 A
CMrUSAbY5K4,CMrUSAbY5K4_3s.jpg,109,R,,10 R
JGfc0UGiqmA,JGfc0UGiqmA_1.5s.jpg,110,E,,110 E
-cPNSN-reLc,-cPNSN-reLc_0s.jpg,111,C,,111 C
-92TTcbPvHA,-92TTcbPvHA_3s.jpg,112,O,,112 O
l2sJq_iBPeE,l2sJq_iBPeE_1.5s.jpg,113,N,,113 L
O8Mpt05cLc8,O8Mpt05cLc8_0s.jpg,114,N,,11 A
VvnxfMq_0x0,VvnxfMq_0x0_1.5s.jpg,115,A,,115 A
L6uK4lSdafc,L6uK4lSdafc_0s.jpg,116,I,,11 G
UREboB8FcKw,UREboB8FcKw_3s.jpg,117,S,,117 J
dTeI1JXNtiY,dTeI1JXNtiY_0s.jpg,118,S,,11 b
SvnZDAyBOSk,SvnZDAyBOSk_3s.jpg,119,A,,11 g
nWbIpmn9lsg,nWbIpmn9lsg_3s.jpg,120,N,,120 B
Jrb8hQBppxg,Jrb8hQBppxg_0s.jpg,121,C,,12 C
N_cTpyxL15Q,N_cTpyxL15Q_0s.jpg,122,E,,122 E
RaVErDpH5Cg,RaVErDpH5Cg_0s.jpg,123,E,,123 E
8rYwvoJRpug,8rYwvoJRpug_1.5s.jpg,124,T,,12 T
bVyQxzI1Dqo,bVyQxzI1Dqo_1.5s.jpg,125,E,,25 F
rWiNZd1WSVE,rWiNZd1WSVE_1.5s.jpg,126,R,,12 R
cdFookHj08A,cdFookHj08A_0s.jpg,127,N,,127 E
yeY-cW78hRw,yeY-cW78hRw_0s.jpg,128,E,,120 e
plJ554i9pIw,plJ554i9pIw_3s.jpg,129,L,,12 L
Sb-n3JB7YME,Sb-n3JB7YME_0s.jpg,130,L,,130 L
8EHRSTAyUY0,8EHRSTAyUY0_1.5s.jpg,131,E,,131 E
65tS5PY8LdU,65tS5PY8LdU_0s.jpg,?,?,true,1 T
RyvWYc7Fp-U,RyvWYc7Fp-U_0s.jpg,?,?,true,1 E
ZFCxZMLZrpA,ZFCxZMLZrpA_1.5s.jpg,?,?,true,9 O
tXYhgZ_rXs8,tXYhgZ_rXs8_0s.jpg,?,?,true,# 6 U
zAy6U8A7kBo,zAy6U8A7kBo_0s.jpg,?,?,true,1 I
